Type,SKU,Name,Published,Visibility in catalog,Short description,Description,Regular price,Sale price,Categories,Tags,In stock?,Stock,Brands,Cross-sells,Meta: _nx_tagline,Meta: _nx_size,Meta: _nx_volume,Meta: _nx_unit,Meta: _nx_batch,Meta: _nx_mfg,Meta: _nx_expiry,Meta: _nx_good_for,Meta: _nx_not_for,Meta: _nx_ingredients,Meta: _nx_howto,Meta: _nx_faq,Meta: _nx_video,Meta: _nx_price_note
simple,NX-AXIS-Y-5,AXIS-Y Dark Spot Correcting Glow Serum,1,visible,Pakistan's most-reviewed serum. The mini sells as well as the 50 ml.,,799,,Skincare,"Mini, Korea, Bestseller, Dark spots, Dullness",1,,AXIS-Y,"NX-BOJ-RELIEF-SUN, NX-LOREAL-GLYCOLIC, NX-PONDS-GEL",Pakistan's most-reviewed serum. The mini sells as well as the 50 ml.,5 ml mini,5,ml,AX2609K,03/2026,02/2029,"Dark spots or sun spots
Marks left behind by acne
Dull, uneven skin tone
Oily, combination or normal skin","You have active, painful breakouts
Your skin is very dry and tight
You won't wear sunscreen daily","Niacinamide 5% | Main active | Helps fade dark spots, evens tone and controls oil
Sea buckthorn | Antioxidant | Helps skin look brighter
Mulberry & licorice | Tone support | Plant extracts used to help even out skin tone
Squalane | Hydration | Light moisture without a greasy finish","Wash with a gentle face wash.
Press 2-3 drops into face and neck, morning and night.
Moisturise if your skin feels dry.
In the morning, finish with SPF 50.","How soon will I see results? | Most people see a brighter look in 1-2 weeks and lighter marks in 4-8 weeks, with daily sunscreen.
Can I use it with vitamin C or retinol? | Yes. Use vitamin C in the morning and retinol at night.
Which size should I buy? | Start with the 5 ml mini to test it. The 50 ml costs about half as much per ml.",,
simple,NX-AXIS-Y-50,AXIS-Y Dark Spot Correcting Glow Serum,1,visible,Full size of the serum Pakistan reviews most,,4049,,Skincare,"Korea, Dark spots, Dullness",1,,AXIS-Y,"NX-BOJ-RELIEF-SUN, NX-LOREAL-GLYCOLIC, NX-PONDS-GEL",Full size of the serum Pakistan reviews most,50 ml,50,ml,AX2609K,03/2026,02/2029,"Dark spots or sun spots
Marks left behind by acne
Dull, uneven skin tone
Oily, combination or normal skin","You have active, painful breakouts
Your skin is very dry and tight
You won't wear sunscreen daily","Niacinamide 5% | Main active | Helps fade dark spots, evens tone and controls oil
Sea buckthorn | Antioxidant | Helps skin look brighter
Mulberry & licorice | Tone support | Plant extracts used to help even out skin tone
Squalane | Hydration | Light moisture without a greasy finish","Wash with a gentle face wash.
Press 2-3 drops into face and neck, morning and night.
Moisturise if your skin feels dry.
In the morning, finish with SPF 50.","How soon will I see results? | Most people see a brighter look in 1-2 weeks and lighter marks in 4-8 weeks, with daily sunscreen.
Can I use it with vitamin C or retinol? | Yes. Use vitamin C in the morning and retinol at night.
Which size should I buy? | Start with the 5 ml mini to test it. The 50 ml costs about half as much per ml.",,
simple,NX-DR-ALTHEA-345,Dr. Althea 345 Relief Cream,1,visible,Light barrier repair that suits the heat,,2749,,Skincare,"Korea, Bestseller, Dryness, Sensitive skin",1,,Dr. Althea,"NX-BOJ-RELIEF-SUN, NX-CETAPHIL-GENTLE",Light barrier repair that suits the heat,50 ml,50,ml,,,,,,,,,,
simple,NX-PONDS-GEL,Pond's Super Light Gel Moisturiser,1,visible,A light gel for oily skin in summer,,749,,Skincare,Dryness,1,,Pond's,,A light gel for oily skin in summer,50 ml,50,ml,,,,,,,,,,
simple,NX-LOREAL-GLYCOLIC,L'Oréal Paris Glycolic Bright Face Wash,1,visible,"The best-selling ""bright"" cleanser",,999,,Skincare,"Dark spots, Dullness",1,,L'Oréal Paris,,"The best-selling ""bright"" cleanser",,,,,,,,,,,,,
simple,NX-GARNIER-VITC,Garnier Bright Complete Vitamin C Serum,1,visible,An easy first vitamin C at a low price,,550,,Skincare,"Dullness, Dark spots",1,,Garnier,,An easy first vitamin C at a low price,,,,,,,,,,,,,
simple,NX-MEDICUBE-PDRN,Medicube PDRN Pink Peptide Serum,1,visible,The number one product on US TikTok Shop this spring,,3829,,Skincare,"Korea, Dullness, Dryness",1,,Medicube,,The number one product on US TikTok Shop this spring,,,,,,,,,,,,,
simple,NX-ANUA-AZELAIC,Anua Azelaic Acid 10 Hyaluron Redness Soothing Serum,1,visible,"For redness, bumps and post-acne marks",,6659,,Skincare,"Korea, Acne, Sensitive skin, Dark spots",1,,Anua,,"For redness, bumps and post-acne marks",,,,,,,,,,,,,
simple,NX-BOJ-RELIEF-SUN,Beauty of Joseon Relief Sun SPF 50+,1,visible,The sunscreen with the most reviews in Pakistan,,1299,,Sun care,"Korea, Bestseller, Sun protection, Dark spots",1,,Beauty of Joseon,"NX-AXIS-Y-5, NX-GARNIER-VITC",The sunscreen with the most reviews in Pakistan,50 ml,50,ml,,,,,,,,,,
simple,NX-ESTELIN-70,Estelin Tinted Sunscreen SPF 70,1,visible,A Pakistani derm favourite with no white cast,,1239,,Sun care,"Derm, Pakistani, Bestseller, Sun protection, Dark spots",1,,Estelin,,A Pakistani derm favourite with no white cast,,,,,,,,,,,,,
simple,NX-NEOBRELLA-60,Neophar Neobrella Sunscreen SPF 60,1,visible,"Derm-brand sun cream under Rs 1,000",,930,,Sun care,"Derm, Pakistani, Sun protection",1,,Neophar,,"Derm-brand sun cream under Rs 1,000",,,,,,,,,,,,,
simple,NX-TOCOBO-STICK,Tocobo Cotton Soft Sun Stick SPF 50+,1,visible,Reapply over makeup or on the go,,4509,,Sun care,"Korea, Sun protection",1,,Tocobo,,Reapply over makeup or on the go,,,,,,,,,,,,,
simple,NX-SKIN1004-SUN,SKIN1004 Hyalu-Cica Water-fit Sun Serum,1,visible,SPF that feels like a serum,,4289,,Sun care,"Korea, Sun protection, Sensitive skin",1,,SKIN1004,,SPF that feels like a serum,,,,,,,,,,,,,
simple,NX-REDERM-TRESSFIX,Rederm Tressfix Hairfall & Anti-Dandruff Shampoo,1,visible,Pakistan's number one hair fall shampoo online,,1150,,Hair care,"Derm, Pakistani, Bestseller, Hair fall, Dandruff",1,,Rederm,"NX-JENPHARM-ANAGROW, NX-FINO-MASK",Pakistan's number one hair fall shampoo online,,,,,,,,,,,,,
simple,NX-JENPHARM-ANAGROW,Jenpharm Anagrow Biotin Shampoo,1,visible,Biotin shampoo from a trusted derm brand,,988,,Hair care,"Derm, Pakistani, Hair fall",1,,Jenpharm,,Biotin shampoo from a trusted derm brand,,,,,,,,,,,,,
simple,NX-FINO-MASK,Fino Premium Touch Hair Mask,1,visible,"The best-loved mask for dry, damaged hair",,3299,,Hair care,"Bestseller, Frizz",1,,Fino,,"The best-loved mask for dry, damaged hair",,,,,,,,,,,,,
simple,NX-MIELLE-ROSEMARY,Mielle Rosemary Mint Strengthening Hair Masque,1,visible,The rosemary original that started the trend,,4079,,Hair care,"Hair fall, Frizz",1,,Mielle,,The rosemary original that started the trend,,,,,,,,,,,,,
simple,NX-VASELINE-GLUTA,Vaseline Gluta-Hya Serum Burst Lotion,1,visible,The body lotion with actives Pakistan buys most,,2399,,Body care,"Bestseller, Body glow, Dullness",1,,Vaseline,,The body lotion with actives Pakistan buys most,,,,,,,,,,,,,
simple,NX-VASELINE-GEL-OIL,Vaseline Intensive Care Body Gel Oil,1,visible,Glow without the grease,,3439,,Body care,"Body glow, Dryness",1,,Vaseline,,Glow without the grease,,,,,,,,,,,,,
simple,NX-KN-VP,Koh-e-Noor Vanilla Pistachio Hair & Body Mist,1,visible,Our own mist. Launch price.,,1450,1290,Fragrance,"Our label, Bestseller, Long-lasting scent",1,,Koh-e-Noor by Nexus Beauty,"NX-VASELINE-GLUTA, NX-KN-OUD",Our own mist. Launch price.,100 ml,100,ml,,,,,,,,,,
simple,NX-KN-OUD,Koh-e-Noor Oud Amber Hair & Body Mist,1,visible,"Warm oud, light enough for every day",,1450,1290,Fragrance,"Our label, Long-lasting scent",1,,Koh-e-Noor by Nexus Beauty,,"Warm oud, light enough for every day",100 ml,100,ml,,,,,,,,,,
simple,NX-KN-MUSK,Koh-e-Noor Fresh Musk Hair & Body Mist,1,visible,Clean cotton and white musk,,1450,1290,Fragrance,"Our label, Long-lasting scent",1,,Koh-e-Noor by Nexus Beauty,,Clean cotton and white musk,100 ml,100,ml,,,,,,,,,,
simple,NX-KN-VP-30,"Koh-e-Noor Vanilla Pistachio Mist, travel size",1,visible,Try the scent before the full size,,490,,Fragrance,"Our label, Mini, Long-lasting scent",1,,Koh-e-Noor by Nexus Beauty,,Try the scent before the full size,30 ml,30,ml,,,,,,,,,,
simple,NX-HYPE-FRUIT,Hype by Capri Fruit Frenzy Body Spray,1,visible,The best-selling sweet body spray,,550,,Fragrance,"Pakistani, Long-lasting scent",1,,Hype by Capri,,The best-selling sweet body spray,150 ml,150,ml,,,,,,,,,,
simple,NX-MEDORA-MATTE,Medora Matte Lipstick,1,visible,Pakistan's most-reviewed lipstick,,300,,Makeup,"Pakistani, Bestseller, Lips",1,,Medora,,Pakistan's most-reviewed lipstick,,,,,,,,,,,,,
simple,NX-SWISS-MISS-60,Swiss Miss Natural Matte Lipstick 60,1,visible,A local matte favourite,,400,,Makeup,"Pakistani, Lips",1,,Swiss Miss,,A local matte favourite,,,,,,,,,,,,,
simple,NX-GARNIER-MEN-ACNO,Garnier Men Acno Fight Face Wash,1,visible,"For oily, acne-prone skin",,1050,,Men's grooming,"Acne, Men",1,,Garnier Men,,"For oily, acne-prone skin",,,,,,,,,,,,,
simple,NX-RIVAJ-BEARD,Rivaj Beard Oil,1,visible,Softens and tames the beard,,695,,Men's grooming,"Pakistani, Men",1,,Rivaj,,Softens and tames the beard,,,,,,,,,,,,,
simple,NX-DAISY-PLUS,Gillette Daisy Plus Razors,1,visible,The top hair removal pick online,,599,,Personal care,,1,,Gillette,,The top hair removal pick online,,,,,,,,,,,,,
simple,NX-ST-IVES-APRICOT,St. Ives Fresh Skin Apricot Face Scrub,1,visible,"Weekly exfoliation for smoother, brighter skin",,1299,,Skincare,"Dullness, Dark spots",1,,St. Ives,,"Weekly exfoliation for smoother, brighter skin",,,,,,,,,,,,,Estimated price - please check
simple,NX-DOVE-BODY-POLISH,Dove Exfoliating Body Polish,1,visible,"Buffs away dry, rough skin on the body",,2499,,Body care,"Body glow, Dullness",1,,Dove,,"Buffs away dry, rough skin on the body",,,,,,,,,,,,,Estimated price - please check
simple,NX-CETAPHIL-GENTLE,Cetaphil Gentle Skin Cleanser,1,visible,A soap-free cleanser for dry and sensitive skin,,2199,,Skincare,"Dryness, Sensitive skin",1,,Cetaphil,,A soap-free cleanser for dry and sensitive skin,,,,,,,,,,,,,Estimated price - please check
simple,NX-REDERM-CLARIDERM,Rederm Clariderm Face Wash,1,visible,"A derm-brand wash for oily, acne-prone skin",,1050,,Skincare,"Derm, Pakistani, Acne",1,,Rederm,,"A derm-brand wash for oily, acne-prone skin",,,,,,,,,,,,,Estimated price - please check
